corridor_code,month_code,flight_date,n,cv_pct
C1,Jan,2023-01-01,7,2.697516269283779
C1,Jan,2023-01-02,11,3.894921138136087
C1,Jan,2023-01-03,12,4.216979378302148
C1,Jan,2023-01-04,18,4.330000734997392
C1,Jan,2023-01-05,9,1.668808598432708
C1,Jan,2023-01-06,9,3.3054193776369494
C1,Jan,2023-01-07,10,3.584121237051436
C1,Jan,2023-01-08,8,4.7057041675372595
C1,Jan,2023-01-09,8,3.0016469192222255
C1,Jan,2023-01-10,13,1.6286176113163482
C1,Jan,2023-01-11,12,1.5613056884850307
C1,Jan,2023-01-12,6,3.17761850998353
C1,Jan,2023-01-13,9,1.9290349606489428
C1,Jan,2023-01-14,11,2.2830150798287203
C1,Jan,2023-01-15,5,1.5727503189466812
C1,Jan,2023-01-16,6,2.6663586063464138
C1,Jan,2023-01-17,13,1.688359935334713
C1,Jan,2023-01-18,15,3.241089797057191
C1,Jan,2023-01-23,8,2.4944604949212366
C1,Jan,2023-01-24,6,4.420072375375164
C1,Jan,2023-01-25,13,4.145974801127563
C1,Jan,2023-01-26,11,1.530098490532243
C1,Jan,2023-01-27,6,3.1563574356107273
C1,Jan,2023-01-29,8,3.4492003386597205
C1,Jan,2023-01-30,7,2.257662181004646
C1,Jan,2023-01-31,14,3.0758492903056056
C1,Mar,2023-03-01,12,3.6183733198634274
C1,Mar,2023-03-02,16,1.9112166188599486
C1,Mar,2023-03-03,14,3.1858485751170917
C1,Mar,2023-03-04,12,1.0781667523168634
C1,Mar,2023-03-05,8,1.8302421439751488
C1,Mar,2023-03-06,10,1.9383611740519053
C1,Mar,2023-03-07,8,2.2409342171906874
C1,Mar,2023-03-08,9,2.135269199680569
C1,Mar,2023-03-09,11,2.5684529130687492
C1,Mar,2023-03-12,6,2.211066338579968
C1,Mar,2023-03-13,10,5.605160709418315
C1,Mar,2023-03-14,13,4.389323903328679
C1,Mar,2023-03-15,8,1.321554250768992
C1,Mar,2023-03-16,10,1.71367305170334
C1,Mar,2023-03-17,12,4.1050407413636165
C1,Mar,2023-03-18,13,2.53917898036383
C1,Mar,2023-03-20,11,1.58590211202312
C1,Mar,2023-03-21,14,2.8825948302617985
C1,Mar,2023-03-22,13,3.055682004194896
C1,Mar,2023-03-23,13,2.1620320789890934
C1,Mar,2023-03-24,10,3.0029200551138775
C1,Mar,2023-03-25,10,2.3566079225778247
C1,Mar,2023-03-26,20,2.603705204233473
C1,Mar,2023-03-28,17,2.111100186719898
C1,Mar,2023-03-29,18,3.042027710533142
C1,Mar,2023-03-30,13,2.8322018506566335
C1,Mar,2023-03-31,19,2.9581399164852487
C1,Jun,2023-06-01,21,3.6310185895117417
C1,Jun,2023-06-02,18,1.775843119359467
C1,Jun,2023-06-03,22,3.0787331806970113
C1,Jun,2023-06-04,19,2.2894164515793287
C1,Jun,2023-06-05,12,2.5183050580670834
C1,Jun,2023-06-06,27,2.2215458142107627
C1,Jun,2023-06-07,23,2.36477629580408
C1,Jun,2023-06-08,17,2.9176769072332784
C1,Jun,2023-06-09,25,2.8192351782632
C1,Jun,2023-06-10,16,2.117491904888162
C1,Jun,2023-06-11,22,2.317525389023449
C1,Jun,2023-06-12,17,3.904005229050373
C1,Jun,2023-06-13,20,2.608793276220777
C1,Jun,2023-06-14,25,2.5225465173354764
C1,Jun,2023-06-15,18,2.5031995182452556
C1,Jun,2023-06-16,13,2.9364971959796917
C1,Jun,2023-06-17,19,2.3624554297496396
C1,Jun,2023-06-18,16,2.7469614783022687
C1,Jun,2023-06-19,11,1.8615082966433902
C1,Jun,2023-06-20,13,3.0816971152320423
C1,Jun,2023-06-21,20,3.541323844333693
C1,Jun,2023-06-22,19,2.0961928196355646
C1,Jun,2023-06-23,20,2.1196889350844645
C1,Jun,2023-06-24,14,2.0000127700222867
C1,Jun,2023-06-25,20,3.119125983786506
C1,Jun,2023-06-26,10,1.4619893599629352
C1,Jun,2023-06-27,15,2.8586368375342315
C1,Jun,2023-06-28,20,2.979733486257902
C1,Jun,2023-06-29,16,2.379645691507906
C1,Jun,2023-06-30,16,2.3598997574188343
C1,Nov,2023-11-01,21,3.86625336557977
C1,Nov,2023-11-02,14,3.9116439814192794
C1,Nov,2023-11-03,23,2.021095150308698
C1,Nov,2023-11-04,14,3.9028817497263764
C1,Nov,2023-11-05,18,3.97924716524788
C1,Nov,2023-11-06,20,2.922036778091203
C1,Nov,2023-11-07,17,3.872283312353464
C1,Nov,2023-11-08,9,1.7002251093363994
C1,Nov,2023-11-09,14,3.102342419921876
C1,Nov,2023-11-11,6,4.571860344246568
C1,Nov,2023-11-12,7,4.020787757896447
C1,Nov,2023-11-13,15,2.8893211259236335
C1,Nov,2023-11-14,12,2.866452115858275
C1,Nov,2023-11-15,11,2.7829801625273576
C1,Nov,2023-11-16,14,2.5026108595553027
C1,Nov,2023-11-17,7,2.0290517898129132
C1,Nov,2023-11-18,12,2.34062699113352
C1,Nov,2023-11-19,18,2.6097957750754985
C1,Nov,2023-11-20,11,2.0588710405745636
C1,Nov,2023-11-21,6,1.3302979294975834
C1,Nov,2023-11-23,13,2.651246564767703
C1,Nov,2023-11-24,14,1.3484005009910862
C1,Nov,2023-11-25,11,1.505266518131307
C1,Nov,2023-11-26,5,2.4412343190180987
C1,Nov,2023-11-27,8,2.116013726067032
C1,Nov,2023-11-28,13,2.0654279723853355
C1,Nov,2023-11-29,17,2.3859684941802635
C1,Nov,2023-11-30,10,2.123723729598207
C2,Jan,2023-01-02,8,2.709609841714248
C2,Jan,2023-01-03,7,1.4542188814672536
C2,Jan,2023-01-06,6,2.9338848878821313
C2,Jan,2023-01-07,12,2.7888908513953994
C2,Jan,2023-01-08,10,2.7688284809327084
C2,Jan,2023-01-09,15,3.0330138452737048
C2,Jan,2023-01-11,8,2.711131449488721
C2,Jan,2023-01-13,13,3.1911499421035527
C2,Jan,2023-01-15,7,2.2446307702816344
C2,Jan,2023-01-16,18,4.097704466911098
C2,Jan,2023-01-17,7,2.2477223968345608
C2,Jan,2023-01-19,6,6.017924461886015
C2,Jan,2023-01-20,6,2.230995935948298
C2,Jan,2023-01-21,6,5.440274844515013
C2,Jan,2023-01-22,5,2.37339207731992
C2,Jan,2023-01-23,18,3.9863361269356057
C2,Jan,2023-01-24,7,3.9130573201224697
C2,Jan,2023-01-25,17,4.5192595922483125
C2,Jan,2023-01-26,13,3.8450365948952516
C2,Jan,2023-01-27,14,5.101872092437282
C2,Jan,2023-01-28,11,2.3170387869096865
C2,Jan,2023-01-29,7,3.0457306497519663
C2,Mar,2023-03-01,20,6.804258046213796
C2,Mar,2023-03-02,11,4.23408613450804
C2,Mar,2023-03-03,16,2.9167455383916483
C2,Mar,2023-03-04,19,2.9641557677437507
C2,Mar,2023-03-05,12,3.2196892347204047
C2,Mar,2023-03-06,16,3.893290746605213
C2,Mar,2023-03-07,16,2.822565742892505
C2,Mar,2023-03-09,16,2.9105208571128367
C2,Mar,2023-03-10,13,1.9298033397323948
C2,Mar,2023-03-11,12,2.5804584223190856
C2,Mar,2023-03-12,7,4.544679757525196
C2,Mar,2023-03-13,8,2.3433248585936552
C2,Mar,2023-03-14,9,3.9949171311006895
C2,Mar,2023-03-15,12,2.899388211340569
C2,Mar,2023-03-16,6,2.8246540313259625
C2,Mar,2023-03-17,5,1.9523672117366733
C2,Mar,2023-03-18,15,4.214480660777688
C2,Mar,2023-03-19,13,2.0479860699150683
C2,Mar,2023-03-20,13,2.3989161162232464
C2,Mar,2023-03-21,11,3.6333079595162925
C2,Mar,2023-03-22,11,3.4289350013962876
C2,Mar,2023-03-23,10,2.7721756335590855
C2,Mar,2023-03-24,21,2.5821844448053493
C2,Mar,2023-03-25,6,4.858631287949757
C2,Mar,2023-03-26,23,3.90746588720028
C2,Mar,2023-03-27,17,3.867780614543935
C2,Mar,2023-03-28,17,3.4959976696849124
C2,Mar,2023-03-29,10,4.194672134534347
C2,Mar,2023-03-30,20,3.432001905379875
C2,Mar,2023-03-31,26,4.014668252555244
C2,Jun,2023-06-01,18,4.630227026538291
C2,Jun,2023-06-02,20,4.538192512295501
C2,Jun,2023-06-03,19,4.115255548468958
C2,Jun,2023-06-04,20,4.516737718148694
C2,Jun,2023-06-05,22,4.349884028854588
C2,Jun,2023-06-06,21,4.141646885566879
C2,Jun,2023-06-07,21,4.439973907171069
C2,Jun,2023-06-08,23,3.583121818410768
C2,Jun,2023-06-09,19,5.240974676679877
C2,Jun,2023-06-10,22,5.095720819370653
C2,Jun,2023-06-11,18,4.657427281799539
C2,Jun,2023-06-12,18,4.831435646862739
C2,Jun,2023-06-13,13,4.688442404517523
C2,Jun,2023-06-14,25,4.209863558694933
C2,Jun,2023-06-15,15,3.681072400578374
C2,Jun,2023-06-16,22,4.107476530969062
C2,Jun,2023-06-17,13,6.376094711185369
C2,Jun,2023-06-18,17,4.478240433632648
C2,Jun,2023-06-19,20,3.877421265112123
C2,Jun,2023-06-20,16,3.6758508249303476
C2,Jun,2023-06-21,11,3.9512402600642482
C2,Jun,2023-06-22,18,4.699598688818785
C2,Jun,2023-06-23,16,5.0003816093571265
C2,Jun,2023-06-24,14,3.3962219489898695
C2,Jun,2023-06-25,16,3.60494778184727
C2,Jun,2023-06-26,10,3.676016380851514
C2,Jun,2023-06-27,13,4.812809155205229
C2,Jun,2023-06-28,19,3.8572797284079168
C2,Jun,2023-06-29,21,3.6260978908661325
C2,Jun,2023-06-30,16,4.368874127330652
C2,Nov,2023-11-01,17,2.8074531119224084
C2,Nov,2023-11-02,9,4.15624268443444
C2,Nov,2023-11-03,13,3.8386558169068623
C2,Nov,2023-11-04,13,1.78840613221437
C2,Nov,2023-11-05,9,4.0753569729993595
C2,Nov,2023-11-06,13,1.7238971407377692
C2,Nov,2023-11-07,16,2.9347915874168113
C2,Nov,2023-11-08,10,2.6950630708857015
C2,Nov,2023-11-09,11,3.4433636274172175
C2,Nov,2023-11-10,19,3.9675501719691404
C2,Nov,2023-11-11,15,3.4620252454514775
C2,Nov,2023-11-12,9,3.1371639044052304
C2,Nov,2023-11-15,12,1.7314548715543328
C2,Nov,2023-11-16,7,4.110359005884216
C2,Nov,2023-11-17,14,3.3099821370771916
C2,Nov,2023-11-20,21,3.4842021591484813
C2,Nov,2023-11-21,16,5.827583294110124
C2,Nov,2023-11-22,13,5.352383120746217
C2,Nov,2023-11-23,8,2.6892411706046686
C2,Nov,2023-11-25,16,3.266332091131585
C2,Nov,2023-11-26,10,3.218939482059064
C2,Nov,2023-11-27,16,3.3312284124775444
C2,Nov,2023-11-28,15,3.5149436630302464
C2,Nov,2023-11-29,16,4.063150080772827
C2,Nov,2023-11-30,14,4.114614515912815
C4,Jan,2023-01-01,18,2.4547422329110424
C4,Jan,2023-01-02,21,1.815897565817386
C4,Jan,2023-01-03,5,6.5118369766249256
C4,Jan,2023-01-04,18,1.6937598868604697
C4,Jan,2023-01-05,23,1.598544183920892
C4,Jan,2023-01-06,19,1.6845071805317535
C4,Jan,2023-01-07,23,2.15849891010182
C4,Jan,2023-01-08,20,2.6599848361476672
C4,Jan,2023-01-09,14,2.129777087162026
C4,Jan,2023-01-10,12,0.9760434483465453
C4,Jan,2023-01-11,14,2.895340259142758
C4,Jan,2023-01-12,16,2.1698556944207548
C4,Jan,2023-01-13,26,3.5000262560991695
C4,Jan,2023-01-14,20,1.2990876438863568
C4,Jan,2023-01-15,19,2.5356607824570223
C4,Jan,2023-01-16,15,3.7918828351273843
C4,Jan,2023-01-17,13,1.752181832541401
C4,Jan,2023-01-18,13,2.774477870198586
C4,Jan,2023-01-19,5,1.5175957051410076
C4,Jan,2023-01-20,6,3.62483344118829
C4,Jan,2023-01-21,20,3.3455429129665997
C4,Jan,2023-01-22,16,2.610509538998234
C4,Jan,2023-01-23,12,3.735256691946598
C4,Jan,2023-01-24,5,3.4209751479014137
C4,Jan,2023-01-25,15,3.214867739909752
C4,Jan,2023-01-26,15,3.5310386653724386
C4,Jan,2023-01-27,14,1.666840257245796
C4,Jan,2023-01-28,13,3.2592582218910295
C4,Jan,2023-01-29,16,2.666172300082296
C4,Jan,2023-01-30,13,2.8985343915252018
C4,Jan,2023-01-31,13,2.0785261384547
C4,Mar,2023-03-01,16,3.101358752297341
C4,Mar,2023-03-02,18,2.630667344160186
C4,Mar,2023-03-03,17,2.512003896993361
C4,Mar,2023-03-04,19,2.9522369183752777
C4,Mar,2023-03-05,23,2.2083132836567207
C4,Mar,2023-03-06,16,2.299617294151176
C4,Mar,2023-03-07,18,1.8693720681548749
C4,Mar,2023-03-08,13,1.838634168168141
C4,Mar,2023-03-09,27,2.336310723031801
C4,Mar,2023-03-10,26,1.6357394290107943
C4,Mar,2023-03-11,34,1.8246669872335204
C4,Mar,2023-03-12,26,1.5345190634437398
C4,Mar,2023-03-13,12,1.860950552810574
C4,Mar,2023-03-14,16,2.27128471844462
C4,Mar,2023-03-15,18,1.937590192515604
C4,Mar,2023-03-16,15,1.8699000037621771
C4,Mar,2023-03-17,20,2.4999012847356257
C4,Mar,2023-03-18,15,4.329122347195017
C4,Mar,2023-03-19,21,2.5996518668506656
C4,Mar,2023-03-20,21,1.9901262374670687
C4,Mar,2023-03-21,12,3.540280525741731
C4,Mar,2023-03-22,23,2.3353129323603956
C4,Mar,2023-03-23,28,1.6018151612903782
C4,Mar,2023-03-24,17,2.6399293469944114
C4,Mar,2023-03-25,18,2.0287826937997098
C4,Mar,2023-03-26,16,3.691958635230276
C4,Mar,2023-03-27,11,2.104351350379399
C4,Mar,2023-03-28,12,2.122937593505493
C4,Mar,2023-03-29,9,1.6698252573371895
C4,Mar,2023-03-30,11,5.773243590051918
C4,Mar,2023-03-31,17,2.7553815808377595
C4,Jun,2023-06-01,9,4.789598834479991
C4,Jun,2023-06-02,14,1.637466977260772
C4,Jun,2023-06-03,20,1.9366270448758853
C4,Jun,2023-06-04,15,2.0496720998702993
C4,Jun,2023-06-05,19,1.9337611966828132
C4,Jun,2023-06-06,17,2.7971175444798604
C4,Jun,2023-06-07,6,2.2046395322123367
C4,Jun,2023-06-08,7,1.6466469576773932
C4,Jun,2023-06-09,19,2.320293917201572
C4,Jun,2023-06-10,17,1.6017628676526945
C4,Jun,2023-06-11,15,2.8802594859967683
C4,Jun,2023-06-12,14,2.5056525153515015
C4,Jun,2023-06-13,16,2.4386529664636956
C4,Jun,2023-06-14,10,1.75021624549042
C4,Jun,2023-06-15,15,2.3110095497492122
C4,Jun,2023-06-16,16,2.2237631372698408
C4,Jun,2023-06-17,17,1.3953997816721404
C4,Jun,2023-06-18,16,3.411503511086707
C4,Jun,2023-06-19,14,2.8793086276787943
C4,Jun,2023-06-20,19,2.1865843493359898
C4,Jun,2023-06-21,12,2.0757286875018734
C4,Jun,2023-06-22,12,2.344878846606485
C4,Jun,2023-06-23,18,2.1924622514834304
C4,Jun,2023-06-24,24,2.014704097892351
C4,Jun,2023-06-25,12,2.513637774200259
C4,Jun,2023-06-26,19,2.343906021818655
C4,Jun,2023-06-27,15,2.6831582375506167
C4,Jun,2023-06-28,7,2.5062647798343325
C4,Jun,2023-06-29,13,1.6219417294968685
C4,Jun,2023-06-30,12,1.6629446101666798
C4,Nov,2023-11-01,15,2.8685568459677357
C4,Nov,2023-11-02,31,2.853476089029664
C4,Nov,2023-11-03,16,3.8474573431035304
C4,Nov,2023-11-04,18,2.1596244670160916
C4,Nov,2023-11-05,16,3.2111179018496956
C4,Nov,2023-11-06,10,0.9256390997901159
C4,Nov,2023-11-07,5,2.962316243944886
C4,Nov,2023-11-08,13,2.9725900831099032
C4,Nov,2023-11-09,12,5.041835590264484
C4,Nov,2023-11-10,9,1.6725064711264448
C4,Nov,2023-11-11,15,2.197852114974021
C4,Nov,2023-11-12,12,1.7090949161387383
C4,Nov,2023-11-13,13,1.4509750286381393
C4,Nov,2023-11-14,18,1.1691822993996588
C4,Nov,2023-11-15,14,2.9081658298365993
C4,Nov,2023-11-16,14,4.899511046855366
C4,Nov,2023-11-17,10,4.868118359412142
C4,Nov,2023-11-18,15,1.2943677723564897
C4,Nov,2023-11-19,18,3.3086502659854578
C4,Nov,2023-11-20,20,2.1786675193726692
C4,Nov,2023-11-21,11,5.590003905822808
C4,Nov,2023-11-22,7,2.3969338358525976
C4,Nov,2023-11-23,16,2.2921771086966904
C4,Nov,2023-11-24,14,1.545247779593039
C4,Nov,2023-11-25,12,2.382025970736358
C4,Nov,2023-11-26,15,3.7581276584410546
C4,Nov,2023-11-27,12,1.5392982260392467
C4,Nov,2023-11-28,18,2.0115072758597403
C4,Nov,2023-11-29,14,1.5012665239979577
C4,Nov,2023-11-30,17,1.8820314233143227
C5,Jan,2023-01-01,10,2.986568626803312
C5,Jan,2023-01-02,5,3.3079646385966153
C5,Jan,2023-01-04,6,2.405945422293002
C5,Jan,2023-01-06,5,2.31999060820732
C5,Jan,2023-01-07,9,2.4179413632770372
C5,Jan,2023-01-08,9,2.7003523532589906
C5,Jan,2023-01-09,6,3.8723954633769853
C5,Jan,2023-01-10,7,1.701485423759675
C5,Jan,2023-01-11,10,3.7652481650157372
C5,Jan,2023-01-13,7,2.2124096336511077
C5,Jan,2023-01-14,10,2.919730321783307
C5,Jan,2023-01-15,8,2.220554002502586
C5,Jan,2023-01-16,5,3.4897871598268506
C5,Jan,2023-01-17,5,2.748827638880166
C5,Jan,2023-01-18,5,6.151816501708462
C5,Jan,2023-01-22,9,1.8682625453809494
C5,Jan,2023-01-23,6,2.3797968901592443
C5,Jan,2023-01-24,5,1.8138631767355171
C5,Jan,2023-01-25,6,2.9169988074499895
C5,Jan,2023-01-27,5,1.9536424802377588
C5,Jan,2023-01-28,15,2.206436029270563
C5,Jan,2023-01-30,5,2.1470007289912103
C5,Jan,2023-01-31,8,1.8562193421297914
C5,Mar,2023-03-01,5,2.2365463282901104
C5,Mar,2023-03-02,5,1.778536406516599
C5,Mar,2023-03-03,7,4.3604411328472015
C5,Mar,2023-03-04,13,3.4795169750264394
C5,Mar,2023-03-05,7,1.9276838662759441
C5,Mar,2023-03-08,6,2.4499161626064936
C5,Mar,2023-03-09,6,1.7199496758694672
C5,Mar,2023-03-11,11,3.409924240329334
C5,Mar,2023-03-12,8,2.239725590876488
C5,Mar,2023-03-13,5,2.546867373384053
C5,Mar,2023-03-15,7,3.366191059332731
C5,Mar,2023-03-16,5,3.208846342791948
C5,Mar,2023-03-17,6,6.1291300011615775
C5,Mar,2023-03-18,12,2.9184518955113834
C5,Mar,2023-03-19,9,2.014910774349195
C5,Mar,2023-03-20,5,3.471403369767282
C5,Mar,2023-03-22,6,4.415379916383214
C5,Mar,2023-03-23,5,4.937906179965938
C5,Mar,2023-03-25,6,0.9500717000980806
C5,Mar,2023-03-26,9,1.5878515106941038
C5,Mar,2023-03-27,6,1.363360396064403
C5,Mar,2023-03-28,6,0.773032286166934
C5,Mar,2023-03-29,7,0.6441401827620102
C5,Mar,2023-03-30,7,3.0257185862940594
C5,Mar,2023-03-31,8,1.619544071548213
C5,Jun,2023-06-01,7,1.9157694573567923
C5,Jun,2023-06-02,7,3.669226385823098
C5,Jun,2023-06-03,16,1.7757203772861447
C5,Jun,2023-06-04,11,2.0545682079291674
C5,Jun,2023-06-05,7,1.4796930008946259
C5,Jun,2023-06-06,6,1.7792085912375064
C5,Jun,2023-06-07,9,2.143511264401547
C5,Jun,2023-06-08,7,1.8471975555562543
C5,Jun,2023-06-09,8,5.0410326649886645
C5,Jun,2023-06-10,13,1.725636700693736
C5,Jun,2023-06-11,10,2.4210354664375733
C5,Jun,2023-06-12,6,1.3965172763675255
C5,Jun,2023-06-14,5,1.678419475556897
C5,Jun,2023-06-15,8,4.591387517364227
C5,Jun,2023-06-16,13,2.4868336026757283
C5,Jun,2023-06-17,16,3.06649371590693
C5,Jun,2023-06-18,9,4.417602936888589
C5,Jun,2023-06-19,5,1.896067089865861
C5,Jun,2023-06-21,6,3.129399140538662
C5,Jun,2023-06-22,7,2.796492380793632
C5,Jun,2023-06-23,19,1.766508947338021
C5,Jun,2023-06-24,11,2.407975036262867
C5,Jun,2023-06-25,11,2.833600560007605
C5,Jun,2023-06-26,14,2.2770787746612897
C5,Jun,2023-06-27,6,1.8542948619467103
C5,Jun,2023-06-28,12,2.090168516638162
C5,Jun,2023-06-29,8,3.867811391125981
C5,Jun,2023-06-30,14,2.249229874286092
C5,Nov,2023-11-02,6,3.3447327967838567
C5,Nov,2023-11-04,7,3.1757615794674767
C5,Nov,2023-11-05,9,2.294971543631608
C5,Nov,2023-11-06,5,0.48805788902739555
C5,Nov,2023-11-08,5,1.5651556627657313
C5,Nov,2023-11-10,6,3.225288394456174
C5,Nov,2023-11-11,6,1.8137739891779243
C5,Nov,2023-11-12,8,1.7354898930658293
C5,Nov,2023-11-13,9,2.2869343194057805
C5,Nov,2023-11-15,7,3.2796496351113307
C5,Nov,2023-11-16,5,1.2990122394546832
C5,Nov,2023-11-17,9,3.9753265902171715
C5,Nov,2023-11-18,5,3.099957484192131
C5,Nov,2023-11-19,8,1.0270968016625524
C5,Nov,2023-11-20,6,2.9598171820358674
C5,Nov,2023-11-23,6,2.4045267519494433
C5,Nov,2023-11-24,9,2.388690863056712
C5,Nov,2023-11-25,5,2.4702716778425193
C5,Nov,2023-11-26,7,0.8998893653784192
C5,Nov,2023-11-30,5,2.9974736812369707
